_time,totalNewCases,totalNewTests,undergradCases,undergradTests,gradCases,gradTests,facStaffCases,facStaffTests
Mon Jul  6 00:00:00 2020,0,99,,,,,,
Tue Jul  7 00:00:00 2020,0,236,,,,,,
Wed Jul  8 00:00:00 2020,2,598,,,,,,
Thu Jul  9 00:00:00 2020,1,719,,,,,,
Fri Jul 10 00:00:00 2020,5,730,,,,,,
Sat Jul 11 00:00:00 2020,0,0,,,,,,
Sun Jul 12 00:00:00 2020,0,0,,,,,,
Mon Jul 13 00:00:00 2020,2,669,,,,,,
Tue Jul 14 00:00:00 2020,2,628,,,,,,
Wed Jul 15 00:00:00 2020,6,538,,,,,,
Thu Jul 16 00:00:00 2020,7,617,,,,,,
Fri Jul 17 00:00:00 2020,3,725,,,,,,
Sat Jul 18 00:00:00 2020,0,0,,,,,,
Sun Jul 19 00:00:00 2020,0,0,,,,,,
Mon Jul 20 00:00:00 2020,3,840,,,,,,
Tue Jul 21 00:00:00 2020,3,507,,,,,,
Wed Jul 22 00:00:00 2020,3,632,,,,,,
Thu Jul 23 00:00:00 2020,6,752,,,,,,
Fri Jul 24 00:00:00 2020,3,838,,,,,,
Sat Jul 25 00:00:00 2020,0,0,,,,,,
Sun Jul 26 00:00:00 2020,0,0,,,,,,
Mon Jul 27 00:00:00 2020,4,835,,,,,,
Tue Jul 28 00:00:00 2020,2,741,,,,,,
Wed Jul 29 00:00:00 2020,0,745,,,,,,
Thu Jul 30 00:00:00 2020,4,736,,,,,,
Fri Jul 31 00:00:00 2020,1,1058,,,,,,
Sat Aug  1 00:00:00 2020,0,0,,,,,,
Sun Aug  2 00:00:00 2020,0,0,,,,,,
Mon Aug  3 00:00:00 2020,1,1896,,,,,,
Tue Aug  4 00:00:00 2020,3,1759,,,,,,
Wed Aug  5 00:00:00 2020,5,1405,,,,,,
Thu Aug  6 00:00:00 2020,5,1823,,,,,,
Fri Aug  7 00:00:00 2020,6,2509,,,,,,
Sat Aug  8 00:00:00 2020,0,0,,,,,,
Sun Aug  9 00:00:00 2020,0,0,,,,,,
Mon Aug 10 00:00:00 2020,2,4110,,,,,,
Tue Aug 11 00:00:00 2020,4,3610,,,,,,
Wed Aug 12 00:00:00 2020,4,2438,,,,,,
Thu Aug 13 00:00:00 2020,0,0,,,,,,
Fri Aug 14 00:00:00 2020,0,0,,,,,,
Sat Aug 15 00:00:00 2020,6,1636,,,,,,
Sun Aug 16 00:00:00 2020,7,2453,,,,,,
Mon Aug 17 00:00:00 2020,24,9064,,,,,,
Tue Aug 18 00:00:00 2020,20,6162,,,,,,
Wed Aug 19 00:00:00 2020,29,6300,,,,,,
Thu Aug 20 00:00:00 2020,52,10742,,,,,,
Fri Aug 21 00:00:00 2020,54,10877,,,,,,
Sat Aug 22 00:00:00 2020,43,3326,,,,,,
Sun Aug 23 00:00:00 2020,53,4474,,,,,,
Mon Aug 24 00:00:00 2020,79,17656,,,,,,
Tue Aug 25 00:00:00 2020,89,15850,,,,,,
Wed Aug 26 00:00:00 2020,54,6812,,,,,,
Thu Aug 27 00:00:00 2020,60,15123,,,,,,
Fri Aug 28 00:00:00 2020,65,15030,,,,,,
Sat Aug 29 00:00:00 2020,50,2895,,,,,,
Sun Aug 30 00:00:00 2020,104,3640,,,,,,
Mon Aug 31 00:00:00 2020,230,17227,,,,,,
Tue Sep  1 00:00:00 2020,199,14367,,,,,,
Wed Sep  2 00:00:00 2020,120,7089,,,,,,
Thu Sep  3 00:00:00 2020,88,14841,,,,,,
Fri Sep  4 00:00:00 2020,104,14204,,,,,,
Sat Sep  5 00:00:00 2020,37,2609,,,,,,
Sun Sep  6 00:00:00 2020,37,2987,,,,,,
Mon Sep  7 00:00:00 2020,69,6299,,,,,,
Tue Sep  8 00:00:00 2020,81,11621,,,,,,
Wed Sep  9 00:00:00 2020,47,11993,,,,,,
Thu Sep 10 00:00:00 2020,34,6626,,,,,,
Fri Sep 11 00:00:00 2020,35,11253,,,,,,
Sat Sep 12 00:00:00 2020,10,4009,,,,,,
Sun Sep 13 00:00:00 2020,17,4568,,,,,,
Mon Sep 14 00:00:00 2020,40,10214,,,,,,
Tue Sep 15 00:00:00 2020,45,11232,,,,,,
Wed Sep 16 00:00:00 2020,24,9965,,,,,,
Thu Sep 17 00:00:00 2020,18,7802,,,,,,
Fri Sep 18 00:00:00 2020,27,10564,,,,,,
Sat Sep 19 00:00:00 2020,13,4133,,,,,,
Sun Sep 20 00:00:00 2020,11,4383,,,,,,
Mon Sep 21 00:00:00 2020,42,10474,,,,,,
Tue Sep 22 00:00:00 2020,62,11030,,,,,,
Wed Sep 23 00:00:00 2020,29,9671,,,,,,
Thu Sep 24 00:00:00 2020,27,9086,,,,,,
Fri Sep 25 00:00:00 2020,41,11090,,,,,,
Sat Sep 26 00:00:00 2020,17,3892,,,,,,
Sun Sep 27 00:00:00 2020,28,4408,,,,,,
Mon Sep 28 00:00:00 2020,36,10736,,,,,,
Tue Sep 29 00:00:00 2020,36,10637,,,,,,
Wed Sep 30 00:00:00 2020,32,10354,,,,,,
Thu Oct  1 00:00:00 2020,27,7577,,,,,,
Fri Oct  2 00:00:00 2020,18,10765,,,,,,
Sat Oct  3 00:00:00 2020,9,3851,,,,,,
Sun Oct  4 00:00:00 2020,7,4374,,,,,,
Mon Oct  5 00:00:00 2020,48,11142,,,,,,
Tue Oct  6 00:00:00 2020,25,10369,,,,,,
Wed Oct  7 00:00:00 2020,21,9780,,,,,,
Thu Oct  8 00:00:00 2020,14,7953,,,,,,
Fri Oct  9 00:00:00 2020,10,9867,,,,,,
Sat Oct 10 00:00:00 2020,11,3574,,,,,,
Sun Oct 11 00:00:00 2020,8,4358,,,,,,
Mon Oct 12 00:00:00 2020,23,9573,,,,,,
Tue Oct 13 00:00:00 2020,14,10057,,,,,,
Wed Oct 14 00:00:00 2020,11,9322,,,,,,
Thu Oct 15 00:00:00 2020,9,7777,,,,,,
Fri Oct 16 00:00:00 2020,9,9700,,,,,,
Sat Oct 17 00:00:00 2020,2,3666,,,,,,
Sun Oct 18 00:00:00 2020,6,4320,,,,,,
Mon Oct 19 00:00:00 2020,18,10611,,,,,,
Tue Oct 20 00:00:00 2020,18,9964,,,,,,
Wed Oct 21 00:00:00 2020,20,9639,,,,,,
Thu Oct 22 00:00:00 2020,23,8581,,,,,,
Fri Oct 23 00:00:00 2020,22,9284,,,,,,
Sat Oct 24 00:00:00 2020,15,3870,,,,,,
Sun Oct 25 00:00:00 2020,23,4935,,,,,,
Mon Oct 26 00:00:00 2020,74,11112,,,,,,
Tue Oct 27 00:00:00 2020,36,10294,,,,,,
Wed Oct 28 00:00:00 2020,34,9579,,,,,,
Thu Oct 29 00:00:00 2020,27,8980,,,,,,
Fri Oct 30 00:00:00 2020,39,10787,,,,,,
Sat Oct 31 00:00:00 2020,9,3522,,,,,,
Sun Nov  1 00:00:00 2020,17,4823,,,,,,
Mon Nov  2 00:00:00 2020,82,11945,,,,,,
Tue Nov  3 00:00:00 2020,40,5941,,,,,,
Wed Nov  4 00:00:00 2020,80,11537,,,,,,
Thu Nov  5 00:00:00 2020,60,8895,,,,,,
Fri Nov  6 00:00:00 2020,48,10429,,,,,,
Sat Nov  7 00:00:00 2020,21,4016,,,,,,
Sun Nov  8 00:00:00 2020,29,5339,,,,,,
Mon Nov  9 00:00:00 2020,76,11800,,,,,,
Tue Nov 10 00:00:00 2020,57,10324,,,,,,
Wed Nov 11 00:00:00 2020,50,11071,,,,,,
Thu Nov 12 00:00:00 2020,34,9715,,,,,,
Fri Nov 13 00:00:00 2020,32,11351,,,,,,
Sat Nov 14 00:00:00 2020,12,4639,,,,,,
Sun Nov 15 00:00:00 2020,21,6280,,,,,,
Mon Nov 16 00:00:00 2020,51,13545,,,,,,
Tue Nov 17 00:00:00 2020,40,10255,,,,,,
Wed Nov 18 00:00:00 2020,34,10462,,,,,,
Thu Nov 19 00:00:00 2020,26,10424,,,,,,
Fri Nov 20 00:00:00 2020,34,11278,,,,,,
Sat Nov 21 00:00:00 2020,12,3601,,,,,,
Sun Nov 22 00:00:00 2020,19,3291,,,,,,
Mon Nov 23 00:00:00 2020,26,5607,,,,,,
Tue Nov 24 00:00:00 2020,13,4536,,,,,,
Wed Nov 25 00:00:00 2020,14,5836,,,,,,
Sat Nov 28 00:00:00 2020,33,3717,17,828,2,732,13,1642
Sun Nov 29 00:00:00 2020,21,4121,8,1252,4,862,5,1673
Mon Nov 30 00:00:00 2020,71,9341,41,3690,6,1563,17,3551
Tue Dec  1 00:00:00 2020,26,5795,16,2684,2,875,7,1811
Wed Dec  2 00:00:00 2020,32,7542,19,2886,1,1357,7,2787
Thu Dec  3 00:00:00 2020,23,6683,13,2669,3,981,5,2593
Fri Dec  4 00:00:00 2020,25,7032,12,3270,5,1046,8,2236
Sat Dec  5 00:00:00 2020,20,3304,11,1138,1,559,6,1184
Sun Dec  6 00:00:00 2020,25,4134,11,1670,4,751,6,1428
Mon Dec  7 00:00:00 2020,34,8618,19,3566,1,1275,13,3202
Tue Dec  8 00:00:00 2020,27,5847,20,2560,2,877,3,2095
Wed Dec  9 00:00:00 2020,22,7148,10,2920,1,1193,7,2529
Thu Dec 10 00:00:00 2020,12,6274,7,2416,,976,3,2465
Fri Dec 11 00:00:00 2020,10,6366,7,2656,,863,,2285
Sat Dec 12 00:00:00 2020,5,2919,2,1051,,506,2,1135
Sun Dec 13 00:00:00 2020,11,3690,6,1382,,669,3,1300
Mon Dec 14 00:00:00 2020,12,7660,4,2823,1,1221,6,3121
Tue Dec 15 00:00:00 2020,13,5220,1,2034,3,758,8,2026
Wed Dec 16 00:00:00 2020,14,5692,9,2118,,995,4,2225
Thu Dec 17 00:00:00 2020,11,5778,4,1940,1,927,6,2522
Fri Dec 18 00:00:00 2020,6,5789,3,2096,1,856,2,2275
Sat Dec 19 00:00:00 2020,8,2464,3,760,1,428,4,1063
Sun Dec 20 00:00:00 2020,4,2125,,526,,412,4,1021
Mon Dec 21 00:00:00 2020,14,4807,2,740,,930,9,2710
Tue Dec 22 00:00:00 2020,9,3415,3,582,2,663,4,1865
Wed Dec 23 00:00:00 2020,8,4872,1,603,1,775,6,3031
Sat Dec 26 00:00:00 2020,15,1536,7,298,1,279,5,789
Sun Dec 27 00:00:00 2020,10,1697,,330,2,315,7,902
Mon Dec 28 00:00:00 2020,20,2295,8,410,2,504,7,1170
Tue Dec 29 00:00:00 2020,17,2107,2,472,4,345,11,1100
Wed Dec 30 00:00:00 2020,15,3260,7,667,2,589,6,1711
Sat Jan  2 00:00:00 2021,23,3424,8,777,6,595,6,1787
Sun Jan  3 00:00:00 2021,18,2636,6,543,1,543,10,1369
Mon Jan  4 00:00:00 2021,33,5364,13,886,3,1004,13,3128
Tue Jan  5 00:00:00 2021,26,3146,8,657,2,570,13,1696
Wed Jan  6 00:00:00 2021,12,3923,2,521,,541,4,1855
Thu Jan  7 00:00:00 2021,15,3894,7,546,3,709,5,2238
Fri Jan  8 00:00:00 2021,15,3683,4,803,1,624,9,2005
Sat Jan  9 00:00:00 2021,4,1927,2,358,,384,1,1008
Sun Jan 10 00:00:00 2021,8,2410,1,464,2,536,2,1209
Mon Jan 11 00:00:00 2021,13,5716,4,1059,2,1091,6,3212
Tue Jan 12 00:00:00 2021,17,3722,4,799,1,694,11,2005
Wed Jan 13 00:00:00 2021,18,4125,5,851,2,804,8,2203
Thu Jan 14 00:00:00 2021,6,4353,2,885,,714,4,2347
Fri Jan 15 00:00:00 2021,16,5833,5,1495,8,1694,2,2346
Sat Jan 16 00:00:00 2021,11,2743,10,1151,1,511,,1021
Sun Jan 17 00:00:00 2021,18,4738,15,2579,1,627,2,1263
Mon Jan 18 00:00:00 2021,36,8511,27,5169,3,1269,2,1785
Tue Jan 19 00:00:00 2021,36,9190,18,3551,5,1899,12,3442
Wed Jan 20 00:00:00 2021,27,7414,22,3713,,1116,4,2308
Thu Jan 21 00:00:00 2021,26,8885,17,5178,3,1220,5,2276
Fri Jan 22 00:00:00 2021,25,10570,19,5813,1,1440,2,2833
Sat Jan 23 00:00:00 2021,21,7172,15,4477,3,1136,3,1362
Sun Jan 24 00:00:00 2021,17,9468,15,6402,1,1345,,1609
Mon Jan 25 00:00:00 2021,26,11662,17,6778,2,1544,5,2928
Tue Jan 26 00:00:00 2021,20,9914,13,6024,4,1313,2,2341
Wed Jan 27 00:00:00 2021,19,9555,14,5509,,1464,4,2477
Thu Jan 28 00:00:00 2021,20,10364,12,6267,1,1307,6,2545
Fri Jan 29 00:00:00 2021,16,10491,6,6115,1,1335,5,2587
Sat Jan 30 00:00:00 2021,8,4742,5,2534,1,755,,1241
Sun Jan 31 00:00:00 2021,19,6480,15,4145,3,1022,1,1255
Mon Feb  1 00:00:00 2021,66,14164,59,8564,1,1805,5,3372
Tue Feb  2 00:00:00 2021,41,10242,34,6108,3,1280,4,2430
Wed Feb  3 00:00:00 2021,30,9518,23,5544,1,1458,6,2351
Thu Feb  4 00:00:00 2021,36,9432,28,5665,4,1161,4,2375
Fri Feb  5 00:00:00 2021,56,11083,44,6681,5,1362,3,2513
Sat Feb  6 00:00:00 2021,23,4842,22,2740,,722,1,1178
Sun Feb  7 00:00:00 2021,42,6363,41,4136,2,950,,1187
Mon Feb  8 00:00:00 2021,78,13457,67,8344,3,1699,6,3081
Tue Feb  9 00:00:00 2021,71,10549,63,6475,2,1211,5,2392
Wed Feb 10 00:00:00 2021,44,9232,39,5626,1,1319,1,2175
Thu Feb 11 00:00:00 2021,38,10183,27,6289,1,1290,6,2321
Fri Feb 12 00:00:00 2021,29,10558,25,6417,,1270,3,2568
Sat Feb 13 00:00:00 2021,24,4638,18,2397,2,758,3,1124
Sun Feb 14 00:00:00 2021,30,6265,23,3951,1,1063,4,1160
Mon Feb 15 00:00:00 2021,51,10689,43,6853,4,1426,6,2183
Tue Feb 16 00:00:00 2021,43,8218,30,5498,6,1191,6,1325
Wed Feb 17 00:00:00 2021,37,10656,28,5588,2,1627,4,3063
Thu Feb 18 00:00:00 2021,41,10346,34,6361,2,1360,4,2261
Fri Feb 19 00:00:00 2021,29,10655,20,6477,3,1331,4,2416
Sat Feb 20 00:00:00 2021,12,4983,9,2728,1,808,2,1102
Sun Feb 21 00:00:00 2021,13,6934,10,4274,1,1128,2,1418
Mon Feb 22 00:00:00 2021,32,13860,28,8185,,1896,2,3273
